Date,Stock,Stock Growth,Profit,Winrate,Profit/StockGrowth,Wins,Losses,Entries,Exits,CheckpointProfit1,CheckpointWins1,CheckpointLosses1,CheckpointEntries1,CheckpointExits1,CheckpointWinrate1,CheckpointProfit2,CheckpointWins2,CheckpointLosses2,CheckpointEntries2,CheckpointExits2,CheckpointWinrate2,CheckpointProfit3,CheckpointWins3,CheckpointLosses3,CheckpointEntries3,CheckpointExits3,CheckpointWinrate3
2024-08-09,PGEL,1154.04,188.83,100.0,0.16,13,0,13,13,70.43,3.0,0.0,3.0,3.0,100.0,53.75,5.0,0.0,5.0,5.0,100.0,64.65,5.0,0.0,5.0,5.0,100.0
2024-08-09,S&SPOWER,1566.67,491.78,94.44,0.31,17,1,18,18,76.46,5.0,0.0,5.0,5.0,100.0,216.29,5.0,0.0,5.0,5.0,100.0,199.03,7.0,1.0,8.0,8.0,87.5
2024-08-09,PRECOT,95.1,106.54,77.78,1.12,7,2,9,9,46.12,2.0,0.0,2.0,2.0,100.0,14.1,2.0,1.0,3.0,3.0,66.67,46.32,3.0,1.0,4.0,4.0,75.0
2024-08-09,RADAAN,118.18,343.91,77.27,2.91,17,5,22,22,140.31,6.0,3.0,9.0,9.0,66.67,53.35,5.0,2.0,7.0,7.0,71.43,150.25,6.0,0.0,6.0,6.0,100.0
2024-08-09,GRSE,975.38,188.54,76.92,0.19,10,3,13,13,31.63,2.0,1.0,3.0,3.0,66.67,74.31,4.0,1.0,5.0,5.0,80.0,82.6,4.0,1.0,5.0,5.0,80.0
2024-08-09,TVSMOTOR,366.51,141.85,76.92,0.39,10,3,13,13,21.24,2.0,2.0,4.0,4.0,50.0,57.41,5.0,1.0,6.0,6.0,83.33,63.2,3.0,0.0,3.0,3.0,100.0
2024-08-09,CGPOWER,790.94,160.14,75.0,0.2,12,4,16,16,53.11,5.0,1.0,6.0,6.0,83.33,84.35,5.0,0.0,5.0,5.0,100.0,22.68,2.0,3.0,5.0,5.0,40.0
2024-08-09,SELMC,-94.07,11427.88,75.0,-121.48,9,3,12,12,11336.7,1.0,0.0,1.0,1.0,100.0,66.71,5.0,0.0,5.0,5.0,100.0,24.47,3.0,3.0,6.0,6.0,50.0
2024-08-09,RUCHINFRA,81.72,171.49,72.73,2.1,8,3,11,11,50.98,3.0,1.0,4.0,4.0,75.0,16.33,3.0,2.0,5.0,5.0,60.0,104.18,2.0,0.0,2.0,2.0,100.0
2024-08-09,JBMA,874.42,318.34,72.73,0.36,8,3,11,11,127.64,3.0,1.0,4.0,4.0,75.0,134.96,3.0,0.0,3.0,3.0,100.0,55.74,2.0,2.0,4.0,4.0,50.0
2024-08-09,SBC,908.92,314.25,72.73,0.35,8,3,11,11,68.05,2.0,2.0,4.0,4.0,50.0,174.63,2.0,1.0,3.0,3.0,66.67,71.57,4.0,0.0,4.0,4.0,100.0
2024-08-09,KHAITANLTD,324.52,177.15,72.73,0.55,8,3,11,11,146.46,3.0,0.0,3.0,3.0,100.0,20.01,3.0,0.0,3.0,3.0,100.0,10.68,2.0,3.0,5.0,5.0,40.0
2024-08-09,SAMPANN,306.25,405.37,71.43,1.32,10,4,14,14,300.42,4.0,1.0,5.0,5.0,80.0,55.75,2.0,0.0,2.0,2.0,100.0,49.2,4.0,3.0,7.0,7.0,57.14
2024-08-09,MARATHON,605.94,162.45,71.43,0.27,10,4,14,14,76.08,4.0,2.0,6.0,6.0,66.67,20.05,2.0,1.0,3.0,3.0,66.67,66.32,4.0,1.0,5.0,5.0,80.0
2024-08-09,COCHINSHIP,1230.05,294.67,70.0,0.24,7,3,10,10,-17.41,0.0,3.0,3.0,3.0,0.0,96.76,2.0,0.0,2.0,2.0,100.0,215.32,5.0,0.0,5.0,5.0,100.0
2024-08-09,IITL,251.52,176.2,69.23,0.7,9,4,13,13,60.59,3.0,2.0,5.0,5.0,60.0,16.66,3.0,1.0,4.0,4.0,75.0,98.95,3.0,1.0,4.0,4.0,75.0
2024-08-09,SPMLINFRA,1438.9,422.09,68.0,0.29,17,8,25,25,246.57,5.0,1.0,6.0,6.0,83.33,71.46,3.0,3.0,6.0,6.0,50.0,104.06,9.0,4.0,13.0,13.0,69.23
2024-08-09,KRITIKA,818.75,406.55,66.67,0.5,12,6,18,18,109.04,2.0,2.0,4.0,4.0,50.0,113.22,3.0,2.0,5.0,5.0,60.0,184.29,7.0,2.0,9.0,9.0,77.78
2024-08-09,NITIRAJ,476.99,143.88,66.67,0.3,8,4,12,12,39.07,2.0,0.0,2.0,2.0,100.0,26.4,2.0,1.0,3.0,3.0,66.67,78.41,4.0,3.0,7.0,7.0,57.14
2024-08-09,TREEHOUSE,132.98,176.79,66.67,1.33,8,4,12,12,85.14,3.0,2.0,5.0,5.0,60.0,49.33,1.0,1.0,2.0,2.0,50.0,42.32,4.0,1.0,5.0,5.0,80.0
2024-08-09,BLS,904.9,198.38,66.67,0.22,10,5,15,15,96.69,5.0,1.0,6.0,6.0,83.33,32.45,2.0,1.0,3.0,3.0,66.67,69.24,3.0,3.0,6.0,6.0,50.0
2024-08-09,MICEL,1350.19,282.99,65.22,0.21,15,8,23,23,73.55,2.0,3.0,5.0,5.0,40.0,70.58,7.0,3.0,10.0,10.0,70.0,138.86,6.0,2.0,8.0,8.0,75.0
2024-08-09,ADANIPOWER,718.6,251.45,64.71,0.35,11,6,17,17,124.97,4.0,1.0,5.0,5.0,80.0,39.77,3.0,4.0,7.0,7.0,42.86,86.71,4.0,1.0,5.0,5.0,80.0
2024-08-09,DIXON,178.59,110.51,64.71,0.62,11,6,17,17,1.0,2.0,4.0,6.0,6.0,33.33,49.86,3.0,1.0,4.0,4.0,75.0,59.65,6.0,1.0,7.0,7.0,85.71
2024-08-09,PVP,360.32,257.73,64.0,0.72,16,9,25,25,61.53,5.0,3.0,8.0,8.0,62.5,65.64,4.0,3.0,7.0,7.0,57.14,130.56,7.0,3.0,10.0,10.0,70.0
2024-08-09,PANSARI,125.13,335.76,63.64,2.68,7,4,11,11,227.29,2.0,2.0,4.0,4.0,50.0,44.16,2.0,1.0,3.0,3.0,66.67,64.31,3.0,1.0,4.0,4.0,75.0
2024-08-09,KDDL,911.02,183.49,63.64,0.2,7,4,11,11,107.7,3.0,0.0,3.0,3.0,100.0,22.72,2.0,2.0,4.0,4.0,50.0,53.07,2.0,2.0,4.0,4.0,50.0
2024-08-09,SARDAEN,267.74,117.99,62.5,0.44,10,6,16,16,46.17,3.0,2.0,5.0,5.0,60.0,44.6,3.0,4.0,7.0,7.0,42.86,27.22,4.0,0.0,4.0,4.0,100.0
2024-08-09,GAYAHWS,25.0,290.73,62.5,11.63,10,6,16,16,141.49,4.0,1.0,5.0,5.0,80.0,29.47,1.0,3.0,4.0,4.0,25.0,119.77,5.0,2.0,7.0,7.0,71.43
2024-08-09,EUROTEXIND,20.58,206.21,62.5,10.02,10,6,16,16,55.51,2.0,1.0,3.0,3.0,66.67,99.07,3.0,2.0,5.0,5.0,60.0,51.63,5.0,3.0,8.0,8.0,62.5
2024-08-09,TCLCONS,515.2,439.11,61.9,0.85,13,8,21,21,272.11,4.0,3.0,7.0,7.0,57.14,50.27,2.0,3.0,5.0,5.0,40.0,116.73,7.0,2.0,9.0,9.0,77.78
2024-08-09,TATAINVEST,362.83,223.93,61.54,0.62,8,5,13,13,18.89,3.0,1.0,4.0,4.0,75.0,85.57,2.0,1.0,3.0,3.0,66.67,119.47,3.0,3.0,6.0,6.0,50.0
2024-08-09,JINDRILL,388.0,126.18,61.54,0.33,8,5,13,13,25.44,2.0,1.0,3.0,3.0,66.67,57.37,3.0,3.0,6.0,6.0,50.0,43.37,3.0,1.0,4.0,4.0,75.0
2024-08-09,ARTNIRMAN,159.06,508.07,61.54,3.19,8,5,13,13,433.74,3.0,2.0,5.0,5.0,60.0,51.11,2.0,2.0,4.0,4.0,50.0,23.22,3.0,1.0,4.0,4.0,75.0
2024-08-09,KAUSHALYA,225.0,245.89,61.11,1.09,11,7,18,18,89.82,4.0,4.0,8.0,8.0,50.0,26.2,2.0,1.0,3.0,3.0,66.67,129.87,5.0,2.0,7.0,7.0,71.43
2024-08-09,SOMATEX,385.31,411.73,61.11,1.07,11,7,18,18,41.79,2.0,2.0,4.0,4.0,50.0,357.22,4.0,2.0,6.0,6.0,66.67,12.72,5.0,3.0,8.0,8.0,62.5
2024-08-09,INDOWIND,349.31,159.21,60.87,0.46,14,9,23,23,80.97,5.0,3.0,8.0,8.0,62.5,10.42,3.0,3.0,6.0,6.0,50.0,67.82,6.0,3.0,9.0,9.0,66.67
2024-08-09,JPOLYINVST,1933.17,875.34,60.0,0.45,9,6,15,15,794.92,4.0,2.0,6.0,6.0,66.67,45.3,3.0,3.0,6.0,6.0,50.0,35.12,2.0,1.0,3.0,3.0,66.67
2024-08-09,PREMEXPLN,1120.24,221.96,60.0,0.2,9,6,15,15,26.44,2.0,3.0,5.0,5.0,40.0,14.78,2.0,2.0,4.0,4.0,50.0,180.74,5.0,1.0,6.0,6.0,83.33
2024-08-09,AURIONPRO,1655.41,349.15,60.0,0.21,9,6,15,15,10.92,3.0,3.0,6.0,6.0,50.0,198.79,2.0,3.0,5.0,5.0,40.0,139.44,4.0,0.0,4.0,4.0,100.0
2024-08-09,VINNY,191.58,324.19,60.0,1.69,12,8,20,20,107.37,2.0,2.0,4.0,4.0,50.0,196.18,4.0,1.0,5.0,5.0,80.0,20.64,6.0,5.0,11.0,11.0,54.55
